manufacturer,model,vehicletype,bodytype,engine,fuel,transmission,transmissiontype
Suzuki,Swift,Four Wheeler,Hatch,ICE,Petrol,Manual,NA
Suzuki,Swift,Four Wheeler,Hatch,ICE,Petrol,Automatic,AMT
Suzuki,Baleno,Four Wheeler,Hatch,ICE,Petrol,Manual,NA
Suzuki,Baleno,Four Wheeler,Hatch,ICE,Petrol,Automatic,AMT
Suzuki,Brezza,Four Wheeler,SUV,ICE,Petrol,Manual,NA
Suzuki,Brezza,Four Wheeler,SUV,ICE,Petrol,Automatic,Torque Converter
Suzuki,Brezza,Four Wheeler,SUV,ICE,CNG,Manual,NA
Suzuki,Grand Vitara,Four Wheeler,SUV,Hybrid,Petrol,Manual,NA
Suzuki,Grand Vitara,Four Wheeler,SUV,Hybrid,Petrol,Automatic,Torque Converter
Suzuki,Grand Vitara,Four Wheeler,SUV,ICE,CNG,Manual,NA
Hyundai,i20,Four Wheeler,Hatch,ICE,Petrol,Manual,NA
Hyundai,i20,Four Wheeler,Hatch,ICE,Petrol,Automatic,CVT
Hyundai,Venue,Four Wheeler,SUV,ICE,Petrol,Manual,NA
Hyundai,Venue,Four Wheeler,SUV,ICE,Petrol,Automatic,Dual Clutch
Hyundai,Venue,Four Wheeler,SUV,ICE,Diesel,Manual,NA
Hyundai,Creta,Four Wheeler,SUV,ICE,Petrol,Manual,NA
Hyundai,Creta,Four Wheeler,SUV,ICE,Petrol,Automatic,CVT
Hyundai,Creta,Four Wheeler,SUV,ICE,Petrol,Automatic,Dual Clutch
Hyundai,Creta,Four Wheeler,SUV,ICE,Diesel,Manual,NA
Hyundai,Creta,Four Wheeler,SUV,ICE,Diesel,Automatic,Torque Converter
Tata,Altroz,Four Wheeler,Hatch,ICE,Petrol,Manual,NA
Tata,Altroz,Four Wheeler,Hatch,ICE,Petrol,Automatic,Dual Clutch
Tata,Altroz,Four Wheeler,Hatch,ICE,CNG,Manual,NA
Tata,Altroz,Four Wheeler,Hatch,ICE,Diesel,Manual,NA
Tata,Nexon,Four Wheeler,SUV,ICE,Petrol,Manual,NA
Tata,Nexon,Four Wheeler,SUV,ICE,Petrol,Automatic,AMT
Tata,Nexon,Four Wheeler,SUV,ICE,Petrol,Automatic,Dual Clutch
Tata,Nexon,Four Wheeler,SUV,ICE,Diesel,Manual,NA
Tata,Nexon,Four Wheeler,SUV,ICE,Diesel,Automatic,AMT
Tata,Nexon EV,Four Wheeler,SUV,Electric,NA,Automatic,NA
Tata,Harrier,Four Wheeler,SUV,ICE,Diesel,Manual,NA
Tata,Harrier,Four Wheeler,SUV,ICE,Diesel,Automatic,Torque Converter
Volkswagen,Virtus,Four Wheeler,Sedan,ICE,Petrol,Manual,NA
Volkswagen,Virtus,Four Wheeler,Sedan,ICE,Petrol,Automatic,Torque Converter
Volkswagen,Virtus,Four Wheeler,Sedan,ICE,Petrol,Automatic,Dual Clutch
Volkswagen,Taigun,Four Wheeler,SUV,ICE,Petrol,Manual,NA
Volkswagen,Taigun,Four Wheeler,SUV,ICE,Petrol,Automatic,Torque Converter
Volkswagen,Taigun,Four Wheeler,SUV,ICE,Petrol,Automatic,Dual Clutch
Skoda,Slavia,Four Wheeler,Sedan,ICE,Petrol,Manual,NA
Skoda,Slavia,Four Wheeler,Sedan,ICE,Petrol,Automatic,Torque Converter
Skoda,Slavia,Four Wheeler,Sedan,ICE,Petrol,Automatic,Dual Clutch
Skoda,Kushaq,Four Wheeler,Sedan,ICE,Petrol,Manual,NA
Skoda,Kushaq,Four Wheeler,Sedan,ICE,Petrol,Automatic,Torque Converter
Skoda,Kushaq,Four Wheeler,Sedan,ICE,Petrol,Automatic,Dual Clutch
Mahindra,XUV 3XO,Four Wheeler,SUV,ICE,Petrol,Manual,NA
Mahindra,XUV 3XO,Four Wheeler,SUV,ICE,Petrol,Automatic,Torque Converter
Mahindra,XUV 3XO,Four Wheeler,SUV,ICE,Diesel,Manual,NA
Mahindra,XUV 3XO,Four Wheeler,SUV,ICE,Diesel,Automatic,AMT
Mahindra,XUV 400,Four Wheeler,SUV,Electric,NA,Automatic,NA
Mahindra,XUV 700,Four Wheeler,SUV,ICE,Petrol,Manual,NA
Mahindra,XUV 700,Four Wheeler,SUV,ICE,Petrol,Automatic,Torque Converter
Mahindra,XUV 700,Four Wheeler,SUV,ICE,Diesel,Manual,NA
Mahindra,XUV 700,Four Wheeler,SUV,ICE,Diesel,Automatic,Torque Converter
MG,Astor,Four Wheeler,SUV,ICE,Petrol,Manual,NA
MG,Astor,Four Wheeler,SUV,ICE,Petrol,Automatic,CVT
MG,Astor,Four Wheeler,SUV,ICE,Petrol,Automatic,Torque Converter
MG,Hector,Four Wheeler,SUV,ICE,Petrol,Manual,NA
MG,Hector,Four Wheeler,SUV,ICE,Petrol,Automatic,CVT
MG,Hector,Four Wheeler,SUV,ICE,Diesel,Manual,NA
MG,ZS EV,Four Wheeler,SUV,Electric,NA,Automatic,NA
